,Index,Date,expected_real_estate,expected_energy,expected_health,RE_inflat_ratio,energy_inflat_ratio,heath_inflat_ratio,actual_inflation,spy_returns,real_estate_price,health_price,energy_price,real_estate_inflation,health_inflation,energy_inflation,Expected Inflation,Real Risk Premium,Inflation Risk Premium,Month,Year
0,0,07-01-2000,0.21022540174319068,-0.40659584918287933,3.5235975364319065,0.111855259,0.020854188,1.108108108,3.7,95.402184,15.170099,20.994066,216.69,0.4,4.1,0.1,3.0758314,1.1860898000000002,0.364211,7,2000
1,1,08-01-2000,0.340998599,0.063575453,3.378145246,0.090917356,-0.861717085,1.235294118,3.4,101.635895,15.071342,21.737421,232.3,0.3,4.2,-2.9,3.0485701,1.2015475,0.3860937,8,2000
2,2,09-01-2000,0.270959778,-2.56816388,3.681530506,-0.014674591,1.06660615,1.228571429,3.5,95.819153,15.539318,20.949011,239.58,-0.1,4.3,3.7,2.9802866000000003,1.1735708,0.3761021,9,2000
3,3,10-01-2000,-0.04333053,3.149430909,3.627675343,0.090683756,-0.292766417,1.264705882,3.4,95.610527,14.472589,21.264378,234.74,0.3,4.3,-1.0,2.952759,1.1829336,0.394591,10,2000
4,4,11-01-2000,0.267778484,-0.86450486,3.734527994,0.0,-0.068240753,1.264705882,3.4,88.472931,14.96251,19.327156,227.71,0.0,4.3,-0.2,2.9528826,1.1831542,0.3981046,11,2000
5,5,12-01-2000,0.0,-0.196921694,3.64954975,-0.015067502,-0.205198358,1.235294118,3.4,87.741402,15.783365,19.642515,240.87,-0.1,4.2,-0.7,2.8856905,1.1622569,0.3978539,12,2000
6,6,01-01-2001,-0.038516259,-0.524537709,3.157717006,0.180087827,0.928328797,1.216216216,3.7,91.923424,16.070091,21.066349,233.57,0.7,4.5,3.4,2.5562471,1.138336,0.3880614,1,2001
7,7,02-01-2001,0.484935189,2.499776399,3.274991149,0.174570847,-0.107816712,1.314285714,3.5,83.155098,15.848937,20.662613,228.33,0.6,4.6,-0.4,2.6927705,1.1363542,0.2847227,2,2001
8,8,03-01-2001,0.443562997,-0.27394897,3.339437949,0.226860254,-0.65308255,1.586206897,2.9,78.2845,15.783648,19.336048,224.76,0.7,4.6,-1.9,2.5408767000000005,1.139702,0.338552,3,2001
9,9,04-01-2001,0.596876792,-1.718281675,4.173362531,0.045705928,0.842400842,1.393939394,3.3,85.20192,16.340303,20.767328,247.02,0.2,4.6,2.8,2.6310329,1.1555528,0.3546074,4,2001
10,10,05-01-2001,0.127417131,2.348410867,3.885967648,0.05577867,1.460889891,1.277777778,3.6,84.724327,16.714176,21.560535,247.37,0.2,4.6,5.3,2.7877594,1.2058633,0.3678756,5,2001
11,11,06-01-2001,0.159975619,4.189894879,3.664721483,0.172219439,0.089221984,1.4375,3.2,82.470856,17.390085,21.30814,230.56,0.6,4.6,0.3,2.8680429,1.227771,0.3894594,6,2001
12,12,07-01-2001,0.486209834,0.251891461,4.058349281,0.129177508,-2.135231317,1.666666667,2.7,81.862137,17.25864,20.891357,226.74,0.3,4.5,-5.8,2.8231995,1.2288033,0.3940835,7,2001
13,13,08-01-2001,0.351116184,-5.803752384,4.530151167,0.1838979,-0.839207788,1.666666667,2.7,77.005051,17.725765,19.830921,217.88,0.5,4.5,-2.3,2.7180907000000003,1.1989245000000002,0.3899516,8,2001
14,14,09-01-2001,0.511825076,-2.335685129,4.638670667,-0.076010946,0.921412436,1.730769231,2.6,70.454742,16.906683,16.952578,203.11,-0.2,4.5,2.4,2.7832024,1.158724,0.4068961,9,2001
15,15,10-01-2001,-0.196291981,2.379471415,4.469568404,0.094295144,-3.737646002,2.19047619,2.1,71.640007,15.874277,17.046162,209.52,0.2,4.6,-7.8,2.5824173,1.1188325,0.32550411,10,2001
16,16,11-01-2001,0.232716341,-9.224348866,5.40600061,0.130018723,-2.629423682,2.526315789,1.9,77.226288,16.962297,19.023565,200.73,0.2,4.8,-5.0,2.4679568,1.1137575000000002,0.32789253,11,2001
17,17,12-01-2001,0.348099269,-7.039758916,6.763708042,0.092410054,-2.478448276,2.9375,1.6,77.395576,17.069244,19.449366,211.3,0.1,4.7,-4.0,2.6773011,1.2461506000000002,0.42848619,12,2001
18,18,01-01-2002,0.258523642,-6.933633782,8.217863344,0.581603436,0.244818019,4.272727273,1.1,76.900757,17.348139,19.33923,207.27,0.6,4.7,0.3,2.7975705,1.358012,0.4861878,1,2002
19,19,02-01-2002,1.592752474,0.670447389,11.70109479,0.711269171,-0.569707821,4.090909091,1.1,75.521515,17.691229,20.228472,215.44,0.8,4.5,-0.6,2.7385541,1.3123732,0.4618564000000001,2,2002
20,20,03-01-2002,1.943903481,-1.55701535,11.18048236,0.291120815,2.762762763,2.933333333,1.5,77.811264,18.501198,21.392445,229.74,0.4,4.4,4.1,2.7330068,1.2880281,0.4587392,3,2002
21,21,04-01-2002,0.859655488,8.158208024,8.661888693,0.150966184,3.5683391,2.875,1.6,73.49601,18.817698,21.271814,218.01,0.2,4.6,5.7,2.9529166,1.3464267,0.4785638,4,2002
22,22,05-01-2002,0.426135643,10.07243107,8.115327188,0.0,0.47735952,3.916666667,1.2,73.059937,19.181049,21.568363,218.21,0.0,4.7,0.6,2.8227225,1.2756869,0.443201,5,2002
23,23,06-01-2002,0.0,1.321081683,10.83928648,0.26286966,1.479399364,4.090909091,1.1,67.431541,19.203075,20.020529,217.58,0.3,4.5,1.6,2.7674774,1.2535915000000002,0.4356354,6,2002
24,24,07-01-2002,0.710219724,3.997032621,11.05279445,0.224251161,0.320256205,3.266666667,1.5,62.334042,18.568224,19.446791,189.69,0.3,4.9,0.5,2.7017942,1.2169815000000002,0.41688363,7,2002
25,25,08-01-2002,0.554831616,0.792362754,8.082232153,0.212856535,0.132802125,2.611111111,1.8,62.757992,18.635284,19.634884,188.98,0.4,4.7,0.2,2.4741527000000003,1.1797419,0.40189006,8,2002
26,26,09-01-2002,0.493616624,0.307969575,6.055195128,-0.127226463,0.158982512,3.066666667,1.5,55.926929,17.464294,18.361589,172.62,-0.2,4.6,0.2,2.3190109,1.1568858999999998,0.39331654,9,2002
27,27,10-01-2002,-0.284312595,0.355277742,6.8530708,0.119502868,-0.118953212,2.4,2.0,60.800144,16.999432,19.492714,177.56,0.2,4.8,-0.2,2.234697,1.1418255,0.38762164,10,2002
28,28,11-01-2002,0.274790033,-0.27352613,5.5186632,-0.021675987,-0.180661945,2.272727273,2.2,64.550369,17.822315,20.095049,183.19,0.0,5.0,-0.4,2.299443,1.1829783,0.41031348,11,2002
29,29,12-01-2002,-0.052212002,-0.43516919,5.474428409,-0.019879135,-0.665070497,2.083333333,2.4,60.600975,17.523085,19.267738,183.13,0.0,5.0,-1.6,2.4087485,1.2647531,0.46052261,12,2002
30,30,01-01-2003,-0.04633782,-1.550264499,4.856203542,0.257022214,1.310125398,1.769230769,2.6,59.400986,17.265087,19.274296,178.38,0.7,4.6,3.4,2.3309777,1.1969138,0.38663345,1,2003
31,31,02-01-2003,0.600960859,3.063291971,4.136757,0.110636953,2.065359477,1.5,3.0,58.600323,17.599028,18.844513,181.06,0.3,4.5,6.2,2.338167,1.1772516000000002,0.37346322,2,2003
32,32,03-01-2003,0.242363024,4.524408484,3.28592325,0.078764965,1.772525849,1.433333333,3.0,58.489887,17.77527,19.46369,183.11,0.2,4.3,5.3,2.1906155,1.151881,0.36956551,3,2003
33,33,04-01-2003,0.174403607,3.924776721,3.173727087,0.0,-1.434400102,1.818181818,2.2,63.694592,18.586662,20.159021,182.22,0.0,4.0,-3.2,2.2142282000000004,1.1920924,0.38548528,4,2003
34,34,05-01-2003,0.0,-3.175009913,4.024501455,0.157158573,-1.413744354,1.904761905,2.1,67.187393,19.742914,20.57535,197.0,0.3,4.0,-3.0,2.2134758,1.2140376,0.39592453,5,2003
35,35,06-01-2003,0.329359453,-2.962804117,3.991836571,0.044754744,0.888415068,1.952380952,2.1,67.658607,19.80143,21.422613,194.82,0.1,4.1,1.9,2.0957142,1.1568499,0.39580329,6,2003
36,36,07-01-2003,0.093533177,1.856703358,4.0802913,0.178850883,0.104657248,1.80952381,2.1,69.127136,21.191956,21.161764,189.91,0.4,3.8,0.2,2.0899053,1.1886766000000002,0.40350992,7,2003
37,37,08-01-2003,0.419040733,0.245207902,4.239644619,0.106301556,1.262626263,1.772727273,2.2,70.552933,21.370043,20.377995,200.67,0.2,3.9,2.8,2.3429615000000004,1.4043515,0.51382409,8,2003
38,38,09-01-2003,0.259722255,3.084923232,4.331232218,-0.101442513,1.236934875,1.739130435,2.3,69.516609,21.704834,20.370665,195.65,-0.2,4.0,2.8,2.4432592,1.4043422,0.51492205,9,2003
39,39,10-01-2003,-0.222673173,2.715155668,3.81750887,0.210477081,-2.662517289,1.85,2.0,73.518753,22.382809,20.570612,197.23,0.4,3.7,-5.3,2.1950676,1.3052642,0.46078503,10,2003
40,40,11-01-2003,0.49548515,-6.267845263,4.35509425,-0.129379496,-1.542082623,1.944444444,1.8,74.321655,23.355143,21.011412,196.96,-0.2,3.5,-2.8,2.354105,1.3863626,0.51350215,11,2003
41,41,12-01-2003,-0.314426073,-3.7476648,4.725509444,-0.024571232,-0.514057495,1.947368421,1.9,77.693886,23.891855,22.150139,224.14,0.0,3.7,-1.0,2.430262,1.3599259,0.50128901,12,2003
42,42,01-01-2004,-0.058710372,-1.228286255,4.653031784,0.270409794,2.236243112,2.0,1.9,79.60424,25.2502,22.839193,226.94,0.5,3.8,4.2,2.3893947,1.3131558,0.47750887,1,2004
43,43,02-01-2004,0.638696224,5.2819094,4.7239134,0.218674831,1.369980307,2.470588235,1.7,80.684563,25.704792,23.082476,236.04,0.4,4.2,2.3,2.3619567000000004,1.2762915,0.45539325,2,2004
44,44,03-01-2004,0.496269626,3.109089477,5.606854235,0.490196078,1.045937578,2.647058824,1.7,79.337677,26.750879,22.065115,234.45,0.8,4.5,1.8,2.269441,1.2376694,0.44589563,3,2004
45,45,04-01-2004,1.105857745,2.359582671,5.971631824,0.119774823,0.850727676,2.043478261,2.3,78.109413,23.045731,22.807508,238.31,0.3,4.7,2.0,2.2559498,1.2164152,0.43229729,4,2004
46,46,05-01-2004,0.300209438,2.132305192,5.121873226,0.044310528,1.812996087,1.483870968,3.1,79.446877,24.615122,22.733603,238.54,0.1,4.6,5.6,2.5064486,1.3867433999999998,0.50933174,5,2004
47,47,06-01-2004,0.115769949,4.736807986,3.876904039,0.069279905,1.101213301,1.393939394,3.3,80.622444,25.008703,22.585785,250.82,0.2,4.6,3.6,2.6126962,1.3734061000000002,0.51393203,6,2004
48,48,07-01-2004,0.177019488,2.813748318,3.561702915,0.121654501,-0.709663953,1.5,3.0,78.309746,25.397942,21.43326,259.15,0.4,4.5,-2.1,2.5551347,1.3415503,0.49397652,7,2004
49,49,08-01-2004,0.308070608,-1.797110699,3.7985106,0.050505051,-0.236961209,1.62962963,2.7,78.500496,27.491461,21.781582,255.56,0.1,4.4,-0.6,2.5323404,1.3122118,0.48110703,8,2004
50,50,09-01-2004,0.123087288,-0.57750487,3.971616489,-0.018157059,-0.257566001,1.76,2.5,78.959747,27.067732,21.33691,276.95,0.0,4.4,-0.6,2.4371283,1.2401586000000002,0.4563725,9,2004
51,51,10-01-2004,-0.044011261,-0.624319433,4.266099552,0.056766576,0.688593649,1.40625,3.2,80.310036,28.787186,20.924986,278.66,0.2,4.5,2.2,2.4239202,1.2493974,0.45803857,10,2004
52,52,11-01-2004,0.135488266,1.643508672,3.356383078,-0.090661831,0.163058248,1.257142857,3.5,83.63739,30.009579,21.333822,294.61,-0.3,4.4,0.6,2.3867613,1.218337,0.42175607,11,2004
53,53,12-01-2004,-0.218064451,0.392195998,3.023743989,-0.013780368,-0.936222248,1.272727273,3.3,86.005653,31.24465,22.441389,288.63,0.0,4.2,-3.1,2.4052509,1.2739643,0.45902396,12,2004
54,54,01-01-2005,-0.033573713,-2.280959081,3.100800945,0.181983621,-0.390370852,1.433333333,3.0,84.474487,28.881529,21.809378,296.47,0.5,4.3,-1.2,2.4363436000000003,1.2570988,0.44806548,1,2005
55,55,02-01-2005,0.443548826,-0.951451191,3.49346448,0.226244344,0.724160632,1.433333333,3.0,86.240334,29.8451,22.465521,350.68,0.7,4.3,2.2,2.4373008,1.2475411,0.43929254,2,2005
56,56,03-01-2005,0.57146991,1.829155168,3.620452367,0.275462124,1.163950782,1.387096774,3.1,84.33149,28.753384,22.264204,337.91,0.9,4.3,3.6,2.525897,1.2800226,0.45715777,3,2005
57,57,04-01-2005,0.707864386,2.991043898,3.564469742,0.0,1.794598436,1.228571429,3.5,83.076622,30.723051,23.118242,319.97,0.0,4.3,6.3,2.569734,1.2789227,0.46055143,4,2005
58,58,05-01-2005,0.0,4.483226333,3.069190114,-0.063661828,-0.313466522,1.535714286,2.8,85.753708,31.874104,23.410023,324.33,-0.2,4.3,-0.9,2.498178,1.221808,0.42750249,5,2005
59,59,06-01-2005,-0.152244882,-0.749643463,3.672603279,0.089285714,0.472255018,1.68,2.5,85.538391,32.975895,23.215508,343.07,0.2,4.2,1.2,2.3914626,1.2025153,0.4122731,6,2005
60,60,07-01-2005,0.217358536,1.149664982,4.089818208,0.15311804,1.294486581,1.3125,3.2,89.169655,35.504543,23.811546,362.63,0.5,4.2,4.1,2.4344156000000003,1.2140319,0.4097268,7,2005
61,61,08-01-2005,0.385721906,3.260960175,3.306338044,0.0,1.260504202,1.083333333,3.6,88.333755,33.980679,23.729008,381.11,0.0,3.9,4.5,2.5191147000000003,1.2407981,0.41595314,8,2005
62,62,09-01-2005,0.0,2.959109244,2.54319,-0.113173382,2.440081184,0.829787234,4.7,88.665237,33.656006,23.526388,403.96,-0.5,3.9,11.5,2.34756,1.0781531,0.21520792,9,2005
63,63,10-01-2005,-0.287691614,6.202791537,2.109354913,0.134726195,-0.413685152,0.953488372,4.3,86.936707,32.968239,22.874914,366.02,0.6,4.1,-1.8,2.5420431,1.1991322,0.29821033,10,2005
64,64,11-01-2005,0.345845524,-1.061940169,2.447628584,-0.037977087,-2.335501014,1.285714286,3.5,90.757767,34.529354,23.153414,370.95,-0.1,4.5,-8.2,2.5670251,1.2688306,0.36137044,11,2005
65,65,12-01-2005,-0.097730612,-6.010201431,3.308669871,0.026097395,-1.191521385,1.264705882,3.4,90.106476,33.947239,23.876017,372.73,0.1,4.3,-4.1,2.5734099,1.2720147,0.38755582,12,2005
66,66,01-01-2006,0.0642704,-2.934375442,3.114607871,0.132978723,1.319444444,1.0,4.0,92.759422,36.908009,24.264156,424.36,0.5,4.0,5.3,2.4627132,1.2359447,0.40273411,1,2006
67,67,02-01-2006,0.335837327,3.33225259,2.5254967,0.183715461,-0.454412196,1.111111111,3.6,93.290527,37.562199,24.543577,389.8,0.7,4.0,-1.6,2.5254967,1.2850912,0.43290365,2,2006
68,68,03-01-2006,0.454870885,-1.12510333,2.751059111,0.206127129,0.347134562,1.205882353,3.4,94.454575,39.412148,24.150879,404.78,0.7,4.1,1.2,2.4759532,1.2783066,0.4690972,3,2006
69,69,04-01-2006,0.541018268,0.91111801,3.165058309,0.099422109,1.939100136,1.171428571,3.5,96.028046,38.360535,23.479959,425.48,0.3,4.1,6.8,2.6246825,1.2794002,0.442014,4,2006
70,70,05-01-2006,0.268845128,5.243477825,3.167634111,0.051602782,0.93393862,1.0,4.2,93.135605,37.092644,22.98748,411.95,0.2,4.2,3.9,2.7040779,1.2906453000000002,0.4410670999999999,5,2006
71,71,06-01-2006,0.139124254,2.517955584,2.6960611,0.100587431,0.222224691,0.953488372,4.3,92.967606,38.44146,22.911718,420.35,0.4,4.1,1.0,2.6960611,1.2901258999999998,0.4514906,6,2006
72,72,07-01-2006,0.275954635,0.609658018,2.615829177,0.147055734,0.43863193,0.975609756,4.1,93.796722,40.213665,24.250227,441.21,0.6,4.0,1.8,2.7434306,1.2772985,0.4411068,7,2006
73,73,08-01-2006,0.388538499,1.158917011,2.577675415,0.067591925,-0.048936847,1.131578947,3.8,95.843582,41.411667,24.942217,423.25,0.3,4.3,-0.2,2.6421173,1.2330468,0.4137353,8,2006
74,74,09-01-2006,0.171121659,-0.123892823,2.864804729,-0.060997926,-3.459977377,2.0,2.1,98.000511,42.010643,25.238787,411.38,-0.1,4.2,-7.3,2.5316879,1.1990496000000002,0.3365084,9,2006
75,75,10-01-2006,-0.152645145,-8.658470557,5.004929,0.295984477,-6.8771008,3.076923077,1.3,101.533737,45.145458,25.408918,429.74,0.4,4.0,-8.9,2.5024645,1.2147361,0.35098894,10,2006
76,76,11-01-2006,0.707439573,-16.43712298,7.354227385,0.021294719,-0.248207391,1.85,2.0,103.552788,47.233742,25.378393,464.36,0.0,3.7,-0.5,2.3901239,1.1784627,0.4060862,11,2006
77,77,12-01-2006,0.050524647,-0.588906139,4.38937919,0.034057046,1.064301552,1.44,2.5,104.355965,45.80489,25.553892,455.53,0.1,3.6,2.7,2.3726374,1.1687616000000003,0.37193251,12,2006
78,78,01-01-2007,0.086935544,2.716783929,3.675808656,0.284377469,-0.419880695,2.047619048,2.1,106.515694,50.889858,26.424688,447.11,0.6,4.3,-0.9,2.5526449,1.2025925,0.3576475,1,2007
79,79,02-01-2007,0.736965916,-1.088123341,5.306417048,0.258628466,0.200653349,1.791666667,2.4,104.42614,49.069183,25.812132,436.83,0.6,4.3,0.5,2.5915060000000003,1.2360165,0.3940066,2,2007
80,80,03-01-2007,0.645164898,0.50054234,4.469424658,0.151278302,2.416050101,1.428571429,2.8,105.218964,47.460079,25.766188,463.37,0.4,4.0,6.8,2.4945626,1.1947259,0.38091024,3,2007
81,81,04-01-2007,0.38037926,6.074997794,3.592048143,0.121510007,2.018689282,1.538461538,2.6,110.315567,47.969364,27.753204,487.5,0.3,4.0,5.2,2.5144337,1.209512,0.40067857,4,2007
82,82,05-01-2007,0.312503568,5.19173373,3.956667692,0.021937803,2.109662795,1.481481481,2.7,114.057487,48.042309,28.229719,522.81,0.1,4.0,5.7,2.571834,1.1994456,0.39489761,5,2007
83,83,06-01-2007,0.059169107,5.690034815,3.995748148,0.17030333,0.341002249,1.481481481,2.7,111.907516,43.441196,27.138346,529.71,0.5,4.0,0.9,2.69713,1.2790326,0.45802992,6,2007
84,84,07-01-2007,0.45332541,0.907703827,3.943511852,0.187947824,-0.718793723,1.791666667,2.4,108.870918,39.880867,25.986507,533.45,0.5,4.3,-1.7,2.6618705,1.2798023,0.4628890000000001,7,2007
85,85,08-01-2007,0.475885958,-1.819993614,4.536519708,0.0353208,-1.836390917,2.25,2.0,110.268044,41.976868,26.581495,536.35,0.1,4.5,-3.7,2.532011,1.2385483,0.42886567,8,2007
86,86,09-01-2007,0.087266128,-4.537120537,5.559013125,-0.036563804,0.058530106,1.642857143,2.8,113.99617,43.319443,27.315578,579.47,-0.1,4.6,0.2,2.4706725,1.1986681,0.39854535,9,2007
87,87,10-01-2007,-0.092066215,0.147376495,4.136649393,0.048998483,-0.279258228,1.371428571,3.5,116.090851,44.038826,27.922579,585.46,0.2,4.8,-1.0,2.5179605,1.1870789,0.37787972,10,2007
88,88,11-01-2007,0.119334306,-0.680124869,3.34007232,-0.018995694,1.279479792,1.162790698,4.3,111.59436,40.020741,28.279278,562.13,-0.1,5.0,5.5,2.4354694,1.1258192,0.29956089,11,2007
89,89,12-01-2007,-0.042267981,2.84701514,2.587366163,0.016615499,-0.167383699,1.268292683,4.1,109.755211,37.551601,27.379801,603.04,0.1,5.2,-0.7,2.2251349,1.1237103000000002,0.31299764,12,2007
90,90,01-01-2008,0.037567848,-0.378456603,2.867625356,0.143830414,0.209456932,1.139534884,4.3,103.666603,38.024635,26.226669,537.15,0.6,4.9,0.9,2.2610123,1.1340748,0.32321258,1,2008
91,91,02-01-2008,0.314665981,0.458240849,2.493025305,0.093799591,-0.017542661,1.125,4.0,100.987572,36.428951,25.52626,572.93,0.4,4.5,-0.1,2.1877569,1.1120286,0.29227207,2,2008
92,92,03-01-2008,0.193349875,-0.036160832,2.318971838,0.123475199,1.276041785,1.15,4.0,99.591469,37.637276,24.257727,557.65,0.5,4.6,5.1,2.0613083,1.1047946000000002,0.32738115,3,2008
93,93,04-01-2008,0.262325628,2.710977315,2.44319892,0.000938105,1.077789625,1.102564103,3.9,104.854774,40.266987,24.608656,618.24,0.0,4.3,4.2,2.1245208,1.1293766,0.34318672,4,2008
94,94,05-01-2008,0.002167298,2.490009071,2.547245356,0.006291032,1.676422669,0.976190476,4.2,106.439827,40.59436,25.077698,637.78,0.0,4.1,7.0,2.3102923,1.2405561,0.39617397,5,2008
95,95,06-01-2008,0.014912483,3.97385097,2.313996071,0.082415908,1.440261993,0.8,5.0,97.058571,35.543449,23.905109,652.0,0.4,4.0,7.2,2.370435,1.2169888999999998,0.35278004,6,2008
96,96,07-01-2008,0.199022434,3.478023299,1.93188368,0.071693665,0.337679018,0.625,5.6,96.66748,36.790031,25.092627,560.76,0.4,3.5,1.9,2.4148546000000004,1.1970234,0.35754708,7,2008
97,97,08-01-2008,0.173640686,0.817852131,1.513738063,-0.006718398,-0.959447232,0.611111111,5.4,98.161377,37.457348,25.610964,556.07,0.0,3.3,-5.2,2.4219809,1.184959,0.37052959,8,2008
98,98,09-01-2008,-0.01546193,-2.208101506,1.406429994,-0.020409398,-0.633283586,0.653061224,4.9,88.405449,36.583351,23.60042,489.35,-0.1,3.2,-3.1,2.3014309,1.1731495,0.36324406,9,2008
99,99,10-01-2008,-0.044580274,-1.38328216,1.426482482,0.011673234,-2.771522006,0.756756757,3.7,74.22924,25.44894,20.985945,401.21,0.0,2.8,-10.3,2.1843013,1.2066017,0.31249246,10,2008
100,100,11-01-2008,0.023891489,-5.672446098,1.548846411,-0.139750664,-16.34087386,2.454545455,1.1,69.062386,19.964413,19.660511,402.8,-0.2,2.7,-18.0,2.0466899,1.2455393,0.24727655,11,2008
101,101,12-01-2008,-0.234539208,-27.42438202,4.119387545,-1.527501081,-98.87436953,26.0,0.1,69.177368,22.267084,20.946486,386.35,-0.2,2.6,-9.9,1.6782689999999998,1.1710135,0.24699127,12,2008
102,102,01-01-2009,-2.646765278,-171.3237728,45.051292,0.10178061528015564,-0.2676865231245137,1.831300860007782,0.0,64.012405,19.22398,20.820112,374.14,0.5,2.6,2.0,1.7327419999999998,1.15917,0.26948437,1,2009
103,103,02-01-2009,0.21022540174319068,-0.40659584918287933,3.5235975364319065,1.180062185,11.79404657,14.0,0.2,57.134323,15.420894,18.240425,327.54,0.2,2.8,2.4,1.7768459,1.1539969,0.30678912,2,2009
104,104,03-01-2009,2.043498817,20.42360184,24.2436236,-0.722241419,1.800090634,-7.0,-0.4,61.454357,15.617188,19.216736,339.68,0.3,2.8,-0.7,1.7316874,1.1647245000000002,0.35990429,3,2009
105,105,04-01-2009,-1.316890875,3.282175276,-12.7633723,-0.14766661,-1.811334607,-4.285714286,-0.7,68.043175,20.698389,19.311945,356.03,0.1,3.0,1.3,1.8233389,1.1268905,0.33129585,4,2009
106,106,05-01-2009,-0.290679522,-3.565585186,-8.436364714,0.023398186,-3.084131512,-2.461538462,-1.3,72.020523,21.168804,20.629753,391.34,0.0,3.2,4.0,1.9684851000000003,1.225951,0.38054339,5,2009
107,107,06-01-2009,0.048983623,-6.456566096,-5.153180308,-0.132688725,-7.069521226,-2.285714286,-1.4,71.569084,20.334595,21.013113,373.84,0.2,3.2,9.9,2.0934795,1.2439714,0.38743407,6,2009
108,108,07-01-2009,-0.283591778,-15.10948341,-4.885191086,-0.012749512,0.80443846,-1.523809524,-2.1,77.342995,22.826435,22.370903,389.92,0.0,3.2,-1.7,2.1372711,1.2420316,0.39130083,7,2009
109,109,08-01-2009,-0.028000076,1.766682326,-3.346542324,0.016512857,-1.001297428,-2.2,-1.5,80.199997,25.838123,22.972916,391.31,0.0,3.3,1.5,2.1961684,1.2199233,0.38802454,8,2009
110,110,09-01-2009,0.036104734,-2.189298677,-4.81021618,0.229618372,1.023784603,-2.692307692,-1.3,82.649994,27.168877,23.013056,409.31,-0.3,3.5,-1.3,2.1864619,1.187508,0.38646009,9,2009
111,111,10-01-2009,0.47800497,2.131249878,-5.604675462,0.054108,7.528072665,-17.5,-0.2,81.447159,26.050098,22.63051,422.22,0.0,3.5,-1.5,2.0817366,1.1761973999999995,0.3911391,10,2009
112,112,11-01-2009,0.116124825,16.15650414,-37.5579295,-0.281258434,1.346510619,1.944444444,1.8,86.464851,27.893831,24.734737,434.25,-0.5,3.5,2.4,2.1461674,1.1927549,0.39701612,11,2009
113,113,12-01-2009,-0.575543691,2.755386493,3.978948167,-0.051927146,-0.313140918,1.259259259,2.7,87.644554,29.499874,25.049158,429.95,-0.1,3.4,-0.8,2.0463162,1.1668623,0.38956025,12,2009
114,114,01-01-2010,-0.113406,-0.683882354,2.750152207,0.013500014,1.088439047,1.346153846,2.6,84.914017,28.203159,25.357763,410.57,0.0,3.5,2.8,2.1839444,1.3275341,0.48229737,1,2010
115,115,02-01-2010,0.028680448,2.312362089,2.859870865,0.009794601,-0.817434451,1.714285714,2.1,87.562889,29.742207,25.45505,418.27,0.0,3.6,-1.7,2.1244755,1.2811064,0.46111999,2,2010
116,116,03-01-2010,0.020786762,-1.734814405,3.638172514,0.008941058,1.178956143,1.608695652,2.3,92.512749,32.326797,26.046833,430.31,0.0,3.7,2.7,2.1222673,1.2516075,0.45611324,3,2010
117,117,04-01-2010,0.019316798,2.547087589,3.475522609,-0.003848167,0.644591814,1.636363636,2.2,94.330757,34.726803,25.117294,449.37,0.0,3.6,1.4,2.16046,1.3081659,0.46677283,4,2010
118,118,05-01-2010,-0.008201238,1.3737582,3.487428655,0.013909552,0.325387248,1.7,2.0,86.83577,32.753105,23.482397,396.31,0.0,3.4,0.7,2.1312064,1.2817381,0.45382013,5,2010
119,119,06-01-2010,0.027940766,0.653620561,3.41486939,0.135575831,-1.146313836,3.181818182,1.1,81.952888,30.956438,22.937428,373.36,0.1,3.5,-1.3,2.0087467,1.2340777,0.434643,6,2010
120,120,07-01-2010,0.253850599,-2.146344614,5.957599136,0.06942488,0.28032379,2.666666667,1.2,87.966866,34.159981,23.356495,403.14,0.1,3.2,0.3,1.8723883,1.1848002,0.43133794,7,2010
121,121,08-01-2010,0.129393793,0.522466274,4.970121867,-0.029976819,0.124567012,2.909090909,1.1,84.010056,33.716873,22.972258,384.14,0.0,3.2,0.1,1.8637957,1.1658476,0.40546454,8,2010
122,122,09-01-2010,-0.052348282,0.217530389,5.080122473,-0.026695483,-1.137095695,3.090909091,1.1,91.046135,34.973484,24.92613,419.27,0.0,3.4,-1.3,1.7462921000000002,1.1467902,0.40481884,9,2010
123,123,10-01-2010,-0.046682122,-1.988427757,5.405041509,0.041579149,0.374597823,2.833333333,1.2,95.030327,36.665482,25.613083,442.59,0.0,3.4,0.4,1.7486898999999998,1.1236226,0.3707564,10,2010
124,124,11-01-2010,0.071405283,0.643309541,4.865779383,0.033636722,0.440869033,2.909090909,1.1,95.030327,36.085072,24.873529,465.21,0.0,3.2,0.5,1.7173339,1.1177811000000002,0.35032066,11,2010
125,125,12-01-2010,0.061652061,0.808059858,5.332013382,0.062716593,1.881712821,2.2,1.5,100.852943,37.332611,25.884249,506.75,0.1,3.3,2.8,1.8328796000000005,1.2103834999999998,0.4028428,12,2010
126,126,01-01-2011,0.123363878,3.70133928,4.32741188,0.1230058,1.523550949,1.8125,1.6,103.745598,39.084301,26.167196,541.62,0.2,2.9,2.4,1.9670054,1.2715228,0.44115648,1,2011
127,127,02-01-2011,0.244800177,3.032097207,3.607149594,0.080936079,0.766542407,1.380952381,2.1,107.349426,40.851055,26.984924,580.67,0.2,2.9,1.6,1.9901515,1.2505481,0.43320822,2,2011
128,128,03-01-2011,0.165784204,1.570135642,2.828653095,0.062843471,2.555989826,1.0,2.7,106.897942,40.055336,27.348349,589.31,0.2,2.7,6.9,2.048335,1.2381053999999998,0.41771476,3,2011
129,129,04-01-2011,0.131921958,5.365572182,2.099215,0.017103791,1.414726245,0.90625,3.2,110.471733,42.288528,29.240326,598.02,0.1,2.9,4.5,2.099215,1.2472274,0.42672554,4,2011
130,130,05-01-2011,0.034759915,2.875138244,1.841765531,0.033052014,0.754014434,0.833333333,3.6,109.23278,42.717068,29.96221,570.47,0.1,3.0,2.7,2.032293,1.1916548,0.41595113,5,2011
131,131,06-01-2011,0.062604547,1.428195327,1.578435,0.074998726,-0.662076723,0.805555556,3.6,106.860313,41.016544,29.480951,559.46,0.3,2.9,-2.4,1.894122,1.1663034,0.39747521,6,2011
132,132,07-01-2011,0.149170471,-1.316852991,1.602228572,0.080983809,-0.16491587,0.888888889,3.6,105.241783,41.479515,28.449741,563.02,0.3,3.2,-0.6,1.9889734,1.1992538,0.42717122,7,2011
133,133,08-01-2011,0.140212467,-0.285529433,1.5389904,0.040806146,-0.099467583,0.842105263,3.8,99.456032,39.276142,27.849398,506.52,0.2,3.2,-0.4,1.7313642,1.1649313,0.41649671,8,2011
134,134,09-01-2011,0.063588645,-0.155001379,1.312261474,0.010254542,-0.124891331,0.717948718,3.9,92.075394,34.711548,26.456924,442.79,0.0,2.8,-0.5,1.5583105,1.1440924,0.40174249,9,2011
135,135,10-01-2011,0.016287659,-0.19836941,1.140343867,0.051342104,-1.092530912,0.885714286,3.5,102.653488,39.713814,28.133612,517.85,0.2,3.1,-3.8,1.5883361,1.1446024,0.40553757,10,2011
136,136,11-01-2011,0.082588097,-1.757427963,1.424746006,0.024519391,-0.332695697,1.0,3.4,102.23632,38.256802,28.401869,520.5,0.1,3.4,-1.1,1.6085842,1.1647874,0.41348036,11,2011
137,137,12-01-2011,0.04026605,-0.546357032,1.6422125,0.053162372,-0.822497554,1.166666667,3.0,102.653488,39.415474,29.080896,520.81,0.2,3.5,-2.5,1.6422125,1.1775767,0.42291825,12,2011
138,138,01-01-2012,0.085122228,-1.316962028,1.8680368,0.094186223,0.68906141,1.24137931,2.9,108.095253,42.457203,30.179722,528.53,0.3,3.6,2.0,1.6011744,1.1758662,0.4196948,1,2012
139,139,02-01-2012,0.145601182,1.065210525,1.919031145,0.070752214,0.83259136,1.172413793,2.9,112.78717,42.16275,30.500076,557.36,0.2,3.4,2.4,1.5458862,1.1563518999999998,0.40258896,2,2012
140,140,03-01-2012,0.111798934,1.315617156,1.852586724,0.098501599,1.66913389,1.296296296,2.7,115.906837,43.677078,31.705587,538.57,0.3,3.5,4.5,1.5801475,1.1826697,0.41969279,3,2012
141,141,04-01-2012,0.162500068,2.753603727,2.138526056,0.07178083,0.366377799,1.47826087,2.3,115.63768,45.195667,31.78087,533.15,0.2,3.4,0.8,1.6497201,1.2034739,0.44035067,4,2012
142,142,05-01-2012,0.111643868,0.569843438,2.299203878,0.094427904,-1.248990227,2.117647059,1.7,108.692955,43.29335,30.628595,476.51,0.2,3.6,-2.1,1.5553438,1.1667997,0.36169343,5,2012
143,143,06-01-2012,0.133675521,-1.768115279,2.997816988,0.11652675,-1.442704718,2.352941176,1.7,112.520798,45.216888,32.204491,500.51,0.2,4.0,-2.5,1.4156358,1.139161,0.38920731,6,2012
144,144,07-01-2012,0.173074724,-2.142818876,3.494773882,0.127595697,-1.227204565,2.928571429,1.4,114.441803,46.679157,32.701771,527.03,0.2,4.1,-1.7,1.4852789,1.1662841999999998,0.40056621,7,2012
145,145,08-01-2012,0.188893818,-1.816764684,4.3354835,0.099178396,2.53313867,2.411764706,1.7,117.308891,46.821854,33.085098,533.54,0.2,4.1,4.3,1.480409,1.1504595,0.37113148,8,2012
146,146,09-01-2012,0.151668483,3.873800285,3.688189247,0.079311829,1.203726639,2.05,2.0,119.644089,45.930069,34.175438,551.07,0.2,4.1,2.4,1.5292492,1.1308315,0.36716909,9,2012
147,147,10-01-2012,0.119177944,1.808780195,3.080433115,0.101556901,-1.030091657,1.681818182,2.2,118.093826,46.02523,34.268242,539.94,0.2,3.7,-2.3,1.5026503,1.1512764,0.37880188,10,2012
148,148,11-01-2012,0.154158379,-1.563628454,2.552917255,0.036489128,-2.567295884,1.888888889,1.8,118.762177,45.759159,34.448009,529.23,0.1,3.4,-4.6,1.5179508,1.1812764,0.37830669,11,2012
149,149,12-01-2012,0.055691965,-3.918365893,2.882939144,0.067908507,-1.347338631,1.882352941,1.7,118.979424,46.507072,34.139839,527.75,0.1,3.2,-2.3,1.5262619,1.1649553999999998,0.39738285,12,2012
150,150,01-01-2013,0.101119562,-2.006262537,2.802928753,0.17860724,0.30811914,1.9375,1.6,125.957031,48.972321,36.932083,573.41,0.3,3.1,0.5,1.4890559,1.2165788999999998,0.41883845,1,2013
151,151,02-01-2013,0.274732691,0.473947197,2.980252038,0.130941897,2.881631888,1.55,2.0,127.56414,49.591118,37.396858,576.22,0.3,3.1,5.8,1.5381946000000002,1.2050742,0.39101545,2,2013
152,152,03-01-2013,0.184874455,4.06852304,2.18841648,0.155978316,0.381227181,2.066666667,1.5,131.821594,50.581192,39.548584,587.62,0.2,3.1,0.6,1.4118816,1.1534827,0.26874701,3,2013
153,153,04-01-2013,0.228015389,0.557293256,3.02113662,0.113058028,-1.751411092,2.454545455,1.1,134.951782,53.933975,40.91264,578.84,0.1,2.7,-1.9,1.4618403,1.1647165000000002,0.33784668,4,2013
154,154,05-01-2013,0.160702581,-2.489485149,3.488932145,0.173074141,0.889511988,1.571428571,1.4,138.137939,50.43187,41.586876,590.86,0.2,2.2,1.2,1.4214168,1.1759672,0.35382327,5,2013
155,155,06-01-2013,0.269297651,1.3840513,2.445091,0.130898869,0.922768575,1.166666667,1.8,135.577194,48.772583,41.154671,580.66,0.2,2.1,1.7,1.555967,1.2359214,0.39003282,6,2013
156,156,07-01-2013,0.214581154,1.512684928,1.912504533,0.103458637,-0.10935968,0.95,2.0,143.337845,49.348793,44.301968,607.46,0.2,1.9,-0.2,1.6392896,1.2924942,0.45195698,7,2013
157,157,08-01-2013,0.182356194,-0.192757372,1.67447,0.144998501,-0.360424872,1.533333333,1.5,139.038788,46.125084,42.738995,594.84,0.2,2.3,-0.5,1.7626,1.2864127,0.46261932,8,2013
158,158,09-01-2013,0.270893942,-0.673364992,2.864655213,0.101000919,-0.499311364,2.0,1.2,142.743088,47.273758,43.928596,604.86,0.1,2.4,-0.6,1.8682534,1.3073133,0.47760491,9,2013
159,159,10-01-2013,0.174600572,-0.863160952,3.4574056,0.141860606,-4.019508034,2.3,1.0,150.081039,49.496761,46.010559,629.49,0.1,2.3,-4.0,1.7287028000000002,1.2704062,0.45411902,10,2013
160,160,11-01-2013,0.244006768,-6.913738715,3.9561058,0.186046336,-1.882410156,1.833333333,1.2,154.529099,47.200333,48.181606,632.66,0.2,2.2,-2.3,1.720046,1.2617204,0.44947408,11,2013
161,161,12-01-2013,0.332619202,-3.365429161,3.27768815,0.143479954,0.402054309,1.333333333,1.5,157.679413,47.185368,48.338554,651.67,0.2,2.0,0.6,1.7878299,1.2392933000000002,0.45033369,12,2013
162,162,01-01-2014,0.265260373,0.743302969,2.4650168,0.205213987,1.334782256,1.3125,1.6,152.947357,49.265785,48.992882,610.44,0.3,2.1,2.1,1.8487626,1.2913068,0.47572818,1,2014
163,163,02-01-2014,0.36299945,2.361073108,2.321658413,0.226289527,0.944949662,2.090909091,1.1,159.908951,51.606365,52.039616,638.36,0.2,2.3,1.0,1.7688826000000002,1.252283,0.45441654,2,2014
164,164,03-01-2014,0.394881243,1.648962295,3.648691982,0.252538473,2.341752017,1.466666667,1.5,160.526901,51.092953,51.20789,652.9,0.4,2.2,3.5,1.7450266,1.2398045,0.46455937,3,2014
165,165,04-01-2014,0.4732225,4.38812246,2.7483324,0.08717324,0.433857661,1.2,2.0,162.356262,53.246948,51.05999,686.29,0.2,2.4,0.9,1.873863,1.2701737,0.46263977,4,2014
166,166,05-01-2014,0.162853159,0.810513533,2.24178648,0.153536139,0.615218567,1.333333333,2.1,166.123978,54.736206,52.527126,693.46,0.3,2.8,1.3,1.8681554,1.2444178,0.44390522,5,2014
167,167,06-01-2014,0.280917167,1.125633727,2.439531333,0.096732865,0.72103284,1.238095238,2.1,168.74498,54.82785,53.440804,727.63,0.2,2.6,1.5,1.8296485,1.2303027,0.44278838,6,2014
168,168,07-01-2014,0.182086995,1.357250227,2.330552714,0.148161028,-0.375397332,1.3,2.0,167.275238,55.228836,53.712055,702.87,0.3,2.6,-0.8,1.8823695,1.2255713,0.45032548,7,2014
169,169,08-01-2014,0.278409179,-0.705408602,2.44282818,0.121502597,-1.5865272,1.235294118,1.7,173.876434,57.146561,56.31345,715.72,0.2,2.1,-2.7,1.8790986,1.228667,0.41480264,8,2014
170,170,09-01-2014,0.232450955,-3.035241825,2.363285276,0.106095627,-0.908075094,1.176470588,1.7,170.679779,53.295723,56.357544,661.05,0.2,2.0,-1.5,1.9131357,1.217967,0.42704759,9,2014
171,171,10-01-2014,0.198687455,-1.700570844,2.203200588,0.134650153,-2.935974472,1.235294118,1.7,175.516068,58.27235,59.531914,641.32,0.2,2.1,-5.0,1.8727205,1.2300053,0.43152667,10,2014
172,172,11-01-2014,0.244481051,-5.330778386,2.242893882,0.125484879,-4.227500545,1.923076923,1.3,180.337845,59.85778,61.602753,584.58,0.2,2.5,-5.5,1.815676,1.221132,0.39494061,11,2014
173,173,12-01-2014,0.232409139,-7.829706411,3.561709231,0.166982026,-6.794752168,3.75,0.8,178.893051,59.717884,60.514225,586.59,0.1,3.0,-5.4,1.8520888,1.1374389,0.4583657,12,2014
174,174,01-01-2015,0.282975189,-11.51469007,6.35491725,-3.622102501,81.82663203,-26.0,-0.1,174.550674,63.786938,61.528755,557.95,0.4,2.6,-8.2,1.6946446,1.2008913,0.32262528,1,2015
175,175,02-01-2015,-5.556794944,125.5331165,-39.8875152,0.10178061528015564,-0.2676865231245137,1.831300860007782,0.0,184.361206,62.130016,64.16684,577.51,0.3,2.3,2.1,1.5341352,1.1697159,0.31903012,2,2015
176,176,03-01-2015,0.21022540174319068,-0.40659584918287933,3.5235975364319065,-3.522277497,-41.37397824,-25.0,-0.1,180.659271,62.287079,64.397781,565.76,0.4,2.5,4.1,1.7036221,1.2318815,0.36065686,3,2015
177,177,04-01-2015,-6.031440557,-70.84753843,-42.8092375,-1.118106817,2.481304736,-14.5,-0.2,183.250244,59.773342,63.874252,602.89,0.2,2.9,-0.5,1.7123695,1.1849166000000002,0.36648115,4,2015
178,178,05-01-2015,-2.005686172,4.451022499,-26.0104393,0.10178061528015564,-0.2676865231245137,1.831300860007782,0.0,185.60611,59.575413,66.75132,571.41,0.2,2.8,5.2,1.7938234,1.2106143,0.37967576,5,2015
179,179,06-01-2015,0.21022540174319068,-0.40659584918287933,3.5235975364319065,3.235301535,30.47170251,25.0,0.1,180.955841,56.448212,66.261429,551.11,0.3,2.5,3.0,1.8240723,1.2125003,0.38920501,6,2015
180,180,07-01-2015,6.091996114,57.37749366,47.0744075,1.971550774,-2.284242125,12.5,0.2,185.943604,59.775139,68.456001,508.05,0.4,2.5,-0.5,1.8829763,1.239643,0.41528937,7,2015
181,181,08-01-2015,3.583888151,-4.15229899,22.72252,0.955075673,-15.01919473,12.5,0.2,174.610321,56.300297,63.003853,484.21,0.2,2.5,-3.0,1.8178016,1.2152391000000002,0.40967032,8,2015
182,182,09-01-2015,1.756004711,-27.61433198,22.98253375,0.10178061528015564,-0.2676865231245137,1.831300860007782,0.0,169.274933,56.675739,59.196262,451.33,0.3,2.5,-5.4,1.8386027,1.2111121,0.42400067,9,2015
183,183,10-01-2015,0.21022540174319068,-0.40659584918287933,3.5235975364319065,1.219668535,-17.70473267,15.0,0.2,184.628296,60.765709,63.994682,502.11,0.2,3.0,-3.5,1.7425540000000002,1.1974897,0.41927345,10,2015
184,184,11-01-2015,2.199059198,-31.92158697,27.044961,0.307638748,-5.381977471,5.8,0.5,185.303146,60.644768,63.788376,498.26,0.2,2.9,-2.7,1.8029974,1.2270431999999998,0.42772449,11,2015
185,185,12-01-2015,0.557652144,-9.755829831,10.513573,0.234099003,-4.444967767,3.714285714,0.7,181.0233,60.539928,64.613655,448.44,0.2,2.6,-3.1,1.812685,1.2297301,0.43339728,12,2015
186,186,01-01-2016,0.434524221,-8.250552701,6.894292971,0.279245107,-1.249176175,2.142857143,1.4,173.034485,58.799717,59.878693,434.67,0.4,3.0,-1.7,1.8561558,1.2485921999999998,0.44591138,1,2016
187,187,02-01-2016,0.475035217,-2.125024432,3.6453015,0.330513796,-4.50127934,3.5,1.0,172.891571,58.358723,59.662502,423.54,0.3,3.5,-4.5,1.7011406999999998,1.1960716,0.39862953,2,2016
188,188,03-01-2016,0.544986247,-7.422187412,5.7711717,0.297275495,4.491946977,3.666666667,0.9,183.574463,63.585369,61.058796,462.41,0.3,3.3,4.0,1.6489062,1.1838128,0.41373287,3,2016
189,189,04-01-2016,0.510206917,7.709422587,6.293013467,0.204006431,3.369410828,2.727272727,1.1,185.24852,63.269169,63.09502,502.42,0.2,3.0,3.7,1.7162764,1.1451065,0.37005927,4,2016
190,190,05-01-2016,0.35680274,5.893025074,4.769939727,0.380637848,3.781806821,3.1,1.0,188.399872,64.665794,64.505379,496.54,0.4,3.1,3.8,1.7489779,1.1675223999999995,0.37856022,5,2016
191,191,06-01-2016,0.656122626,6.518870977,5.34360981,0.399060378,3.820981663,3.5,1.0,188.076691,68.087082,64.830818,512.39,0.4,3.5,3.8,1.7237451,1.1772199,0.40273091,6,2016
192,192,07-01-2016,0.650486734,6.228375494,5.70516065,0.308519834,-2.558927188,4.875,0.8,195.949799,71.212914,68.259735,502.23,0.2,3.9,-2.0,1.6300458999999998,1.1481324,0.39349845,7,2016
193,193,08-01-2016,0.508344582,-4.2163149,8.032481438,0.259713277,-1.120936836,4.454545455,1.1,196.184479,68.828041,66.04493,505.45,0.3,4.9,-1.2,1.6476885,1.1692884,0.40236436,8,2016
194,194,09-01-2016,0.448757739,-1.936863172,7.696994836,0.193366827,0.801967715,3.266666667,1.5,195.209778,67.243675,65.454918,520.35,0.3,4.9,1.2,1.7278968,1.1757562,0.4222638,9,2016
195,195,10-01-2016,0.32961116,1.367026147,5.568327333,0.207009933,-0.34018034,2.6875,1.6,192.794403,64.450592,61.380032,504.89,0.3,4.3,-0.5,1.70459,1.1841811000000002,0.42020087,10,2016
196,196,11-01-2016,0.363984675,-0.598137629,4.725419694,0.110215771,-1.021935989,2.352941176,1.7,199.896606,62.945274,62.646641,544.67,0.2,4.0,-1.7,1.7582957,1.2044046999999998,0.43219912,11,2016
197,197,12-01-2016,0.215327636,-1.996547859,4.596921647,0.107486316,0.473697593,1.952380952,2.1,202.753845,64.702873,62.819748,554.5,0.2,4.1,1.0,1.9536917,1.3290649,0.51152527,12,2016
198,198,01-01-2017,0.206633499,0.910644211,3.753289943,0.129591404,1.304046434,1.56,2.5,207.59848,65.695679,64.541382,534.34,0.3,3.9,3.3,1.9224168,1.2897367,0.44729524,1,2017
199,199,02-01-2017,0.249120969,2.506843052,2.998877232,0.111529979,-0.262180541,1.296296296,2.7,215.755325,68.569458,68.632416,519.74,0.3,3.5,-0.7,1.9223572,1.2876996,0.4528591,2,2017
200,200,03-01-2017,0.210405879,-0.494614339,2.445516111,0.084905789,0.084512727,1.458333333,2.4,215.089294,66.932167,68.05584,514.01,0.2,3.5,0.2,1.886541,1.2920425,0.43189243,3,2017
201,201,04-01-2017,0.157719498,0.156989355,2.708974333,0.10198787,0.977768134,1.363636364,2.2,218.169327,67.951927,69.349724,498.95,0.2,3.0,2.2,1.8575824,1.2598127,0.42822324,4,2017
202,202,05-01-2017,0.187713305,1.799626642,2.509834636,0.141854979,0.068231742,1.421052632,1.9,221.248398,67.874466,69.882462,479.19,0.3,2.7,0.1,1.8405454,1.2578464,0.4302608,5,2017
203,203,06-01-2017,0.245437612,0.118054621,2.458706542,0.198775392,0.465830101,1.6875,1.6,221.578201,68.67511,72.785057,477.91,0.3,2.7,0.7,1.7302008999999998,1.1985039,0.41700636,6,2017
204,204,07-01-2017,0.367646397,0.861579277,3.121127269,0.093541448,-0.60132533,1.529411765,1.7,227.235367,70.059273,73.673515,489.57,0.2,2.6,-1.0,1.8495569,1.2285198999999998,0.4247026,7,2017
205,205,08-01-2017,0.169809391,-1.091609023,2.776400059,0.218710102,0.867864736,0.947368421,1.9,227.898376,70.528328,74.964561,461.61,0.4,1.8,1.6,1.8153385,1.2097536,0.40813678,8,2017
206,206,09-01-2017,0.403272973,1.600229664,1.746824116,0.104384229,2.167267005,0.727272727,2.2,231.342255,69.381805,75.370316,506.72,0.2,1.6,4.8,1.8438699,1.1819244,0.38346625,9,2017
207,207,10-01-2017,0.197598207,4.102612817,1.376719345,0.167086885,-1.951917148,0.85,2.0,237.968826,70.009651,75.073914,503.07,0.3,1.7,-3.9,1.8929891,1.228287,0.41610807,10,2017
208,208,11-01-2017,0.321636423,-3.757372389,1.636220335,0.051219198,0.458952982,0.772727273,2.2,245.242477,71.80545,77.258278,509.28,0.1,1.7,1.0,1.9249651,1.2272774,0.42183295,11,2017
209,209,12-01-2017,0.103011386,0.923040271,1.554099045,0.126484513,-0.633380206,0.857142857,2.1,246.954544,70.964485,76.527077,533.41,0.3,1.8,-1.3,2.011187,1.1610032,0.50245928,12,2017
210,210,01-01-2018,0.247456717,-1.239157132,1.676930657,0.14869865,0.936947253,0.952380952,2.1,262.206055,69.548019,81.869705,553.45,0.3,2.0,2.0,1.9564191,1.218308,0.47116736,1,2018
211,211,02-01-2018,0.308301611,1.942602347,1.974601524,0.108786726,0.616236272,0.818181818,2.2,252.672241,64.917961,78.189758,490.67,0.2,1.8,1.4,2.0733316000000004,1.2912536,0.49074017,2,2018
212,212,03-01-2018,0.214336134,1.214134339,1.612015855,0.163838329,-0.188312672,0.833333333,2.4,244.766052,66.812485,75.643517,498.29,0.4,2.0,-0.5,1.9702416,1.2306141000000002,0.31528841,3,2018
213,213,04-01-2018,0.325114783,-0.373680773,1.653636167,0.114024412,1.181064577,0.88,2.5,247.016373,67.518364,76.711273,544.56,0.3,2.2,3.0,1.9843634,1.2328859,0.35569996,4,2018
214,214,05-01-2018,0.238495513,2.470335927,1.84062384,0.139835664,1.302380844,0.857142857,2.8,253.021118,69.794586,76.851158,558.35,0.4,2.4,3.6,2.091618,1.2843951,0.41195415,5,2018
215,215,06-01-2018,0.286090205,2.664544875,1.753631143,0.068310946,0.35378237,0.862068966,2.9,253.338593,71.92794,77.83033,561.54,0.2,2.5,1.0,2.045903,1.2620296,0.44274622,6,2018
216,216,07-01-2018,0.143160492,0.741428151,1.806653621,0.097778576,-0.305494093,0.655172414,2.9,263.903687,73.231728,83.238609,569.16,0.3,1.9,-0.9,2.0957182,1.2543079,0.44454232,7,2018
217,217,08-01-2018,0.209281539,-0.653867917,1.402306072,0.108447482,-0.027397756,0.555555556,2.7,272.327393,74.971275,86.842201,547.58,0.3,1.5,-0.1,2.1403619,1.2734675,0.45845816,8,2018
218,218,09-01-2018,0.231660382,-0.058525791,1.1867515,0.057072105,-0.14828731,0.739130435,2.3,272.712036,72.123131,89.060509,560.91,0.1,1.7,-0.3,2.1361527,1.2468578,0.45811379,9,2018
219,219,10-01-2018,0.123662468,-0.321305385,1.601530087,0.087826362,-0.072159706,0.68,2.5,255.015732,71.093613,83.34697,497.37,0.2,1.7,-0.2,2.166776,1.2740029,0.47120565,10,2018
220,220,11-01-2018,0.189193661,-0.155444888,1.46484138,0.083181956,-1.982622506,0.909090909,2.2,259.746063,74.433945,90.084251,486.42,0.2,2.0,-4.4,2.1541785,1.2667843,0.44999357,11,2018
221,221,12-01-2018,0.173962517,-4.146355992,1.901226545,0.118820931,-2.438881698,1.052631579,1.9,235.500565,68.208359,81.289146,424.07,0.2,2.0,-4.6,2.0913492,1.2442892,0.43152046,12,2018
222,222,01-01-2019,0.23268994,-4.776121781,2.061394211,0.209368141,-1.621500206,1.1875,1.6,255.841415,76.48526,85.584793,470.81,0.3,1.9,-2.6,1.9583245,1.2070958,0.41594068,1,2019
223,223,02-01-2019,0.412600624,-3.195481376,2.3401996,0.252428344,0.723629649,1.133333333,1.5,264.134644,77.043755,86.509819,479.94,0.4,1.7,1.1,1.9706944,1.2130935,0.42713465,2,2019
224,224,03-01-2019,0.427128371,1.224437592,1.91768806,0.210439122,2.332258584,0.894736842,1.9,267.736328,79.689667,86.604218,489.45,0.4,1.7,4.4,1.6920776999999998,1.0207319,-0.12460728,3,2019
225,225,04-01-2019,0.36771625,4.075332442,1.563441595,0.178970917,2.544586348,0.95,2.0,279.90155,80.220291,84.567627,489.38,0.4,1.9,5.1,1.7473758999999998,1.0600166000000002,0.02607161,4,2019
226,226,05-01-2019,0.322623141,4.587015884,1.71252396,0.162487831,0.817481826,1.166666667,1.8,262.051849,80.100426,82.691704,432.1,0.3,2.1,1.5,1.8026568,1.1371593,0.16716363,5,2019
227,227,06-01-2019,0.266001256,1.338261403,1.909895633,0.219112955,-1.218037586,1.25,1.6,278.930542,80.506126,87.769936,471.28,0.4,2.0,-1.9,1.6370534,1.1289913,0.23350857,6,2019
228,228,07-01-2019,0.367254895,-2.041550972,2.095123125,0.145914057,0.280823166,1.444444444,1.8,284.524994,83.05761,86.717209,462.47,0.3,2.6,0.5,1.6760985000000002,1.1479148,0.28453368,7,2019
229,229,08-01-2019,0.2420854,0.465912535,2.396471711,0.10008641,-1.457818444,2.058823529,1.7,279.761078,85.910126,86.20343,422.09,0.2,3.5,-2.5,1.6590957999999998,1.1609962,0.32780394,8,2019
230,230,09-01-2019,0.156179688,-2.274850604,3.212688088,0.16376722,-0.422921706,2.058823529,1.7,283.893585,86.913635,85.756226,437.13,0.3,3.5,-0.7,1.5604485,1.1464023,0.34548342,9,2019
231,231,10-01-2019,0.268903679,-0.694432028,3.380561882,0.033447471,0.240617466,2.388888889,1.8,291.508942,88.207626,90.526466,426.66,0.1,4.3,0.4,1.6419872,1.184165,0.37600307,10,2019
232,232,11-01-2019,0.056170104,0.404081616,4.011787244,0.074970287,-0.377473026,2.0,2.1,302.061066,87.215691,95.055176,431.37,0.2,4.2,-0.8,1.6793528000000002,1.1995382,0.39646307,11,2019
233,233,12-01-2019,0.128538468,-0.647187129,3.429051,0.06753153,-0.335046514,2.0,2.3,309.316803,87.103409,97.319542,456.46,0.2,4.6,-0.8,1.7145255,1.2196729,0.41997208,12,2019
234,234,01-01-2020,0.117145413,-0.581197581,3.4693546,0.159992044,0.011456367,1.8,2.5,310.712097,89.371719,95.732117,405.45,0.4,4.5,0.0,1.7346773000000002,1.2199695,0.43233388,1,2020
235,235,02-01-2020,0.259027711,0.018547901,2.91420666,0.161637228,-0.956940924,2.0,2.3,286.114258,82.595848,89.42659,343.53,0.4,4.6,-2.2,1.6190037,1.1906983999999998,0.4189623,2,2020
236,236,03-01-2020,0.205242943,-1.215099853,2.5395504,0.074221649,-2.809641284,3.133333333,1.5,248.92305,65.745911,85.53511,223.4,0.1,4.7,-4.2,1.2697752,1.019973,0.013884727,3,2020
237,237,04-01-2020,0.085974633,-3.254547419,3.62949604,-0.095497743,-27.54547626,16.0,0.3,282.181824,72.563187,96.769234,289.65,0.0,4.8,-8.3,1.1583498,1.0322013,0.09733877,4,2020
238,238,05-01-2020,-0.111001115,-32.017286,18.5974848,2.289521203,-0.027310316,49.0,0.1,295.626495,73.870361,99.951851,291.59,0.2,4.9,0.0,1.1623428,1.0736871,0.18457085,5,2020
239,239,06-01-2020,2.82038493,-0.033642669,60.3614683,0.281309086,9.379529084,8.5,0.6,299.551025,75.196625,97.099136,287.46,0.2,5.1,5.6,1.2318667,1.068222,0.19916694,6,2020
240,240,07-01-2020,0.378895349,12.63329241,11.44865425,0.235103464,2.216373029,5.0,1.0,318.588104,78.817734,102.830818,272.09,0.2,5.0,2.2,1.3469004999999998,1.0530716999999998,0.23820052,7,2020
241,241,08-01-2020,0.315263354,2.972058268,6.704779,0.098220721,-0.117915121,3.461538462,1.3,340.824493,79.000229,105.49099,266.5,0.1,4.5,-0.2,1.3409558,1.0731986,0.26461039,8,2020
242,242,09-01-2020,0.132696116,-0.159303234,4.676535692,0.025994122,0.541427138,3.0,1.4,326.754761,76.685448,102.782089,227.49,0.0,4.2,0.8,1.3509992,1.1089133,0.30473418,9,2020
243,243,10-01-2020,0.034768119,0.724179209,4.0126131,0.039996005,-1.005742791,2.416666667,1.2,319.882996,74.899017,99.45369,216.82,0.0,2.9,-1.2,1.3375377,1.136073,0.33756408,10,2020
244,244,11-01-2020,0.055059805,-1.384538314,3.326862117,0.041249966,-0.87805027,2.0,1.2,354.678894,81.32502,107.358337,274.42,0.0,2.4,-1.1,1.3766326,1.1655101,0.36912212,11,2020
245,245,12-01-2020,0.05845823,-1.244346853,2.8343408,0.05824493,1.384197731,1.285714286,1.4,366.257904,82.764824,110.978043,286.14,0.1,1.8,1.9,1.4171704,1.1646201,0.38246918,12,2020
246,246,01-01-2021,0.080344442,1.909395294,1.773544886,0.126421479,2.565812477,1.357142857,1.4,364.070892,83.000778,112.99752,296.52,0.2,1.9,3.6,1.3794238,1.1682306,0.39110134,1,2021
247,247,02-01-2021,0.180476269,3.662892313,1.937424571,0.129551458,2.293645679,1.176470588,1.7,374.194092,85.01545,110.620285,360.19,0.2,2.0,3.9,1.427576,1.1722263000000002,0.4001646,2,2021
248,248,03-01-2021,0.19399082,3.434513296,1.761651294,0.130580199,2.26934925,0.692307692,2.6,389.905212,89.482788,114.677307,369.89,0.3,1.8,5.9,1.4974036,1.2057374,0.40888522,3,2021
249,249,04-01-2021,0.206727664,3.592713684,1.096024915,0.088856039,0.343131395,0.357142857,4.2,411.879852,97.01535,119.599869,371.6,0.4,1.5,1.4,1.5831471,1.2015461,0.37993136,4,2021
250,250,05-01-2021,0.140246196,0.541582467,0.5636975,0.066394249,0.543218282,0.18,5.0,414.58429,97.993423,121.837494,389.82,0.3,0.9,2.7,1.578353,1.1745436000000002,0.35927425,5,2021
251,251,06-01-2021,0.105984376,0.867133097,0.28733193,0.098482018,0.423423862,0.074074074,5.4,422.500061,99.705055,124.153984,407.37,0.5,0.4,2.3,1.5962885,1.1466392,0.33403188,6,2021
252,252,07-01-2021,0.160014636,0.687983621,0.120356348,0.088098463,0.313873195,0.055555556,5.4,434.230377,104.905243,130.773926,372.99,0.5,0.3,1.7,1.6248107,1.1560817,0.35313136,7,2021
253,253,08-01-2021,0.139209923,0.495970778,0.087786828,0.02651978,0.141740659,0.075471698,5.3,447.153015,106.940041,133.802048,362.26,0.1,0.4,0.8,1.5801629,1.1061538999999998,0.38610663,8,2021
254,254,09-01-2021,0.043566321,0.232849555,0.123983842,0.064264464,0.119307676,0.074074074,5.4,424.951843,100.648865,125.974426,395.88,0.3,0.4,0.6,1.6427859,1.1518996,0.39175913,9,2021
255,255,10-01-2021,0.10364184,0.192412202,0.119462185,0.058311931,0.461984222,0.209677419,6.2,456.224854,108.265884,132.893158,436.19,0.4,1.3,2.9,1.6127395,1.1640596,0.38846843,10,2021
256,256,11-01-2021,0.102541326,0.812397637,0.368717008,0.057578003,0.216667826,0.25,6.8,452.559204,105.653862,128.831467,410.7,0.4,1.7,1.5,1.7584965,1.1802303,0.37864796,11,2021
257,257,12-01-2021,0.101278274,0.381113311,0.439743775,0.052269369,-0.159508188,0.314285714,7.0,471.83139,114.475601,139.914185,417.09,0.4,2.2,-1.1,1.7589751,1.1718708999999998,0.38081712,12,2021
258,258,01-01-2022,0.09390524,-0.286566588,0.564634243,0.053256594,0.231375411,0.346666667,7.5,448.516632,106.138046,130.821915,,0.4,2.6,1.7,1.7965634999999998,1.2068075,0.40110966,1,2022
259,259,02-01-2022,0.102312398,0.444500323,0.665988856,0.074005062,0.345675154,0.303797468,7.9,435.277771,101.268326,129.555878,,0.6,2.4,2.7,1.9211217,1.2171895,0.40137972,2,2022
260,260,03-01-2022,0.144103871,0.673104328,0.591559413,0.068654507,1.338940407,0.329411765,8.5,450.241272,107.771248,136.564011,,0.6,2.8,11.4,1.9472164,1.1623305,0.34034781,3,2022
261,261,04-01-2022,0.150385836,2.932912677,0.721567544,0.10178061528015564,-0.2676865231245137,1.831300860007782,,428.51001,109.190002,134.570007,,,,,2.1904729,1.4519133,0.53971997,4,2022
